
<RENDERBATCH>

  <RENDERIMG RASNAME="C:\xesscorp\PRODUCTS\TUTORIALS\FpgasNowWhat\Chapters\MicroblazeBlinker\FPGA\MicroblazeBlinker\Microblaze\SDK\SDK_Export\hw\imgs\proc_sys_reset_0.jpg" SVGNAME="C:\xesscorp\PRODUCTS\TUTORIALS\FpgasNowWhat\Chapters\MicroblazeBlinker\FPGA\MicroblazeBlinker\Microblaze\SDK\SDK_Export\hw\imgs\proc_sys_reset_0.svg" TMPSVGFN="C:\xesscorp\PRODUCTS\TUTORIALS\FpgasNowWhat\Chapters\MicroblazeBlinker\FPGA\MicroblazeBlinker\Microblaze\__xps\.dswkshop\proc_sys_reset_0.svg"/>

  <RENDERIMG RASNAME="C:\xesscorp\PRODUCTS\TUTORIALS\FpgasNowWhat\Chapters\MicroblazeBlinker\FPGA\MicroblazeBlinker\Microblaze\SDK\SDK_Export\hw\imgs\microblaze_0_ilmb.jpg" SVGNAME="C:\xesscorp\PRODUCTS\TUTORIALS\FpgasNowWhat\Chapters\MicroblazeBlinker\FPGA\MicroblazeBlinker\Microblaze\SDK\SDK_Export\hw\imgs\microblaze_0_ilmb.svg" TMPSVGFN="C:\xesscorp\PRODUCTS\TUTORIALS\FpgasNowWhat\Chapters\MicroblazeBlinker\FPGA\MicroblazeBlinker\Microblaze\__xps\.dswkshop\microblaze_0_ilmb.svg"/>

  <RENDERIMG RASNAME="C:\xesscorp\PRODUCTS\TUTORIALS\FpgasNowWhat\Chapters\MicroblazeBlinker\FPGA\MicroblazeBlinker\Microblaze\SDK\SDK_Export\hw\imgs\microblaze_0_i_bram_ctrl.jpg" SVGNAME="C:\xesscorp\PRODUCTS\TUTORIALS\FpgasNowWhat\Chapters\MicroblazeBlinker\FPGA\MicroblazeBlinker\Microblaze\SDK\SDK_Export\hw\imgs\microblaze_0_i_bram_ctrl.svg" TMPSVGFN="C:\xesscorp\PRODUCTS\TUTORIALS\FpgasNowWhat\Chapters\MicroblazeBlinker\FPGA\MicroblazeBlinker\Microblaze\__xps\.dswkshop\microblaze_0_i_bram_ctrl.svg"/>

  <RENDERIMG RASNAME="C:\xesscorp\PRODUCTS\TUTORIALS\FpgasNowWhat\Chapters\MicroblazeBlinker\FPGA\MicroblazeBlinker\Microblaze\SDK\SDK_Export\hw\imgs\microblaze_0_dlmb.jpg" SVGNAME="C:\xesscorp\PRODUCTS\TUTORIALS\FpgasNowWhat\Chapters\MicroblazeBlinker\FPGA\MicroblazeBlinker\Microblaze\SDK\SDK_Export\hw\imgs\microblaze_0_dlmb.svg" TMPSVGFN="C:\xesscorp\PRODUCTS\TUTORIALS\FpgasNowWhat\Chapters\MicroblazeBlinker\FPGA\MicroblazeBlinker\Microblaze\__xps\.dswkshop\microblaze_0_dlmb.svg"/>

  <RENDERIMG RASNAME="C:\xesscorp\PRODUCTS\TUTORIALS\FpgasNowWhat\Chapters\MicroblazeBlinker\FPGA\MicroblazeBlinker\Microblaze\SDK\SDK_Export\hw\imgs\microblaze_0_d_bram_ctrl.jpg" SVGNAME="C:\xesscorp\PRODUCTS\TUTORIALS\FpgasNowWhat\Chapters\MicroblazeBlinker\FPGA\MicroblazeBlinker\Microblaze\SDK\SDK_Export\hw\imgs\microblaze_0_d_bram_ctrl.svg" TMPSVGFN="C:\xesscorp\PRODUCTS\TUTORIALS\FpgasNowWhat\Chapters\MicroblazeBlinker\FPGA\MicroblazeBlinker\Microblaze\__xps\.dswkshop\microblaze_0_d_bram_ctrl.svg"/>

  <RENDERIMG RASNAME="C:\xesscorp\PRODUCTS\TUTORIALS\FpgasNowWhat\Chapters\MicroblazeBlinker\FPGA\MicroblazeBlinker\Microblaze\SDK\SDK_Export\hw\imgs\microblaze_0_bram_block.jpg" SVGNAME="C:\xesscorp\PRODUCTS\TUTORIALS\FpgasNowWhat\Chapters\MicroblazeBlinker\FPGA\MicroblazeBlinker\Microblaze\SDK\SDK_Export\hw\imgs\microblaze_0_bram_block.svg" TMPSVGFN="C:\xesscorp\PRODUCTS\TUTORIALS\FpgasNowWhat\Chapters\MicroblazeBlinker\FPGA\MicroblazeBlinker\Microblaze\__xps\.dswkshop\microblaze_0_bram_block.svg"/>

  <RENDERIMG RASNAME="C:\xesscorp\PRODUCTS\TUTORIALS\FpgasNowWhat\Chapters\MicroblazeBlinker\FPGA\MicroblazeBlinker\Microblaze\SDK\SDK_Export\hw\imgs\microblaze_0.jpg" SVGNAME="C:\xesscorp\PRODUCTS\TUTORIALS\FpgasNowWhat\Chapters\MicroblazeBlinker\FPGA\MicroblazeBlinker\Microblaze\SDK\SDK_Export\hw\imgs\microblaze_0.svg" TMPSVGFN="C:\xesscorp\PRODUCTS\TUTORIALS\FpgasNowWhat\Chapters\MicroblazeBlinker\FPGA\MicroblazeBlinker\Microblaze\__xps\.dswkshop\microblaze_0.svg"/>

  <RENDERIMG RASNAME="C:\xesscorp\PRODUCTS\TUTORIALS\FpgasNowWhat\Chapters\MicroblazeBlinker\FPGA\MicroblazeBlinker\Microblaze\SDK\SDK_Export\hw\imgs\debug_module.jpg" SVGNAME="C:\xesscorp\PRODUCTS\TUTORIALS\FpgasNowWhat\Chapters\MicroblazeBlinker\FPGA\MicroblazeBlinker\Microblaze\SDK\SDK_Export\hw\imgs\debug_module.svg" TMPSVGFN="C:\xesscorp\PRODUCTS\TUTORIALS\FpgasNowWhat\Chapters\MicroblazeBlinker\FPGA\MicroblazeBlinker\Microblaze\__xps\.dswkshop\debug_module.svg"/>

  <RENDERIMG RASNAME="C:\xesscorp\PRODUCTS\TUTORIALS\FpgasNowWhat\Chapters\MicroblazeBlinker\FPGA\MicroblazeBlinker\Microblaze\SDK\SDK_Export\hw\imgs\clock_generator_0.jpg" SVGNAME="C:\xesscorp\PRODUCTS\TUTORIALS\FpgasNowWhat\Chapters\MicroblazeBlinker\FPGA\MicroblazeBlinker\Microblaze\SDK\SDK_Export\hw\imgs\clock_generator_0.svg" TMPSVGFN="C:\xesscorp\PRODUCTS\TUTORIALS\FpgasNowWhat\Chapters\MicroblazeBlinker\FPGA\MicroblazeBlinker\Microblaze\__xps\.dswkshop\clock_generator_0.svg"/>

  <RENDERIMG RASNAME="C:\xesscorp\PRODUCTS\TUTORIALS\FpgasNowWhat\Chapters\MicroblazeBlinker\FPGA\MicroblazeBlinker\Microblaze\SDK\SDK_Export\hw\imgs\axi4lite_0.jpg" SVGNAME="C:\xesscorp\PRODUCTS\TUTORIALS\FpgasNowWhat\Chapters\MicroblazeBlinker\FPGA\MicroblazeBlinker\Microblaze\SDK\SDK_Export\hw\imgs\axi4lite_0.svg" TMPSVGFN="C:\xesscorp\PRODUCTS\TUTORIALS\FpgasNowWhat\Chapters\MicroblazeBlinker\FPGA\MicroblazeBlinker\Microblaze\__xps\.dswkshop\axi4lite_0.svg"/>

  <RENDERIMG RASNAME="C:\xesscorp\PRODUCTS\TUTORIALS\FpgasNowWhat\Chapters\MicroblazeBlinker\FPGA\MicroblazeBlinker\Microblaze\SDK\SDK_Export\hw\imgs\LEDS.jpg" SVGNAME="C:\xesscorp\PRODUCTS\TUTORIALS\FpgasNowWhat\Chapters\MicroblazeBlinker\FPGA\MicroblazeBlinker\Microblaze\SDK\SDK_Export\hw\imgs\LEDS.svg" TMPSVGFN="C:\xesscorp\PRODUCTS\TUTORIALS\FpgasNowWhat\Chapters\MicroblazeBlinker\FPGA\MicroblazeBlinker\Microblaze\__xps\.dswkshop\LEDS.svg"/>

  <RENDERIMG RASNAME="C:\xesscorp\PRODUCTS\TUTORIALS\FpgasNowWhat\Chapters\MicroblazeBlinker\FPGA\MicroblazeBlinker\Microblaze\SDK\SDK_Export\hw\imgs\Microblaze_blkd.jpg" SVGNAME="C:\xesscorp\PRODUCTS\TUTORIALS\FpgasNowWhat\Chapters\MicroblazeBlinker\FPGA\MicroblazeBlinker\Microblaze\SDK\SDK_Export\hw\imgs\Microblaze_blkd.svg" TMPSVGFN="C:\xesscorp\PRODUCTS\TUTORIALS\FpgasNowWhat\Chapters\MicroblazeBlinker\FPGA\MicroblazeBlinker\Microblaze\__xps\.dswkshop\Microblaze_blkd.svg"/>

</RENDERBATCH>